{"name":"b7bd6f8e-1085-4490-acf0-2e620024eedc","id":"/providers/Microsoft.Flow/flows/b7bd6f8e-1085-4490-acf0-2e620024eedc","type":"Microsoft.Flow/flows","properties":{"apiId":"/providers/Microsoft.PowerApps/apis/shared_logicflows","displayName":"Self Declaration Alert Email","definition":{"metadata":{"workflowEntityId":null,"creator":{"id":"e5e53e53-4d29-4869-94ff-16562ac398ca","type":"User","tenantId":"29465df7-ba13-4003-a2dd-e6b741ea3229"},"provisioningMethod":"FromDefinition","failureAlertSubscription":true,"clientLastModifiedTime":"2020-05-06T20:16:20.2594556Z"},"$schema":"https://schema.management.azure.com/providers/Microsoft.Logic/schemas/2016-06-01/workflowdefinition.json#","contentVersion":"1.0.0.0","parameters":{"$connections":{"defaultValue":{},"type":"Object"},"$authentication":{"defaultValue":{},"type":"SecureObject"}},"triggers":{"manual":{"type":"Request","kind":"PowerApp","inputs":{"schema":{"type":"object","properties":{"Initializevariable_Value":{"type":"string","description":"Enter initial value","x-ms-powerflows-param-ispartial":false},"Initializevariable2_Value":{"type":"string","description":"Enter initial value","x-ms-powerflows-param-ispartial":false}},"required":["Initializevariable_Value","Initializevariable2_Value"]}}}},"actions":{"Initialize_variable":{"runAfter":{},"type":"InitializeVariable","inputs":{"variables":[{"name":"EmployeeName","type":"string","value":"@{triggerBody()['Initializevariable_Value']}"}]}},"Initialize_variable_2":{"runAfter":{"Initialize_variable":["Succeeded"]},"type":"InitializeVariable","inputs":{"variables":[{"name":"Site","type":"string","value":"@{triggerBody()['Initializevariable2_Value']}"}]}},"Send_an_email_(V2)":{"runAfter":{"Apply_to_each":["Succeeded"]},"metadata":{"flowSystemMetadata":{"swaggerOperationId":"SendEmailV2"}},"type":"ApiConnection","inputs":{"host":{"connection":{"name":"@json(decodeBase64(triggerOutputs().headers['X-MS-APIM-Tokens']))['$connections']['shared_office365_1']['connectionId']"},"api":{"runtimeUrl":"https://unitedstates-002.azure-apim.net/apim/office365"}},"method":"post","body":{"To":"youremailaddress@yourdomain.xljd","Subject":"ClearPass: COVID-19 Suspect","Body":"<p>COVID Clear App ALERT: @{variables('EmployeeName')} has submitted a self-declaration form with answers indicating they could be suspected of carrying COVID-19. They were denied permission to enter @{variables('Site')} on @{formatDateTime(utcNow(),'MM/dd/yyyy')}</p>"},"path":"/v2/Mail","authentication":{"type":"Raw","value":"@json(decodeBase64(triggerOutputs().headers['X-MS-APIM-Tokens']))['$ConnectionKey']"}}},"Respond_to_a_PowerApp_or_flow":{"runAfter":{"Send_an_email_(V2)":["Succeeded"]},"type":"Response","kind":"PowerApp","inputs":{"statusCode":200,"body":{"sent":"True"},"schema":{"type":"object","properties":{"sent":{"title":"Sent","x-ms-dynamically-added":true,"type":"string"}}}}},"Get_Site_info":{"runAfter":{"Initialize_variable_2":["Succeeded"]},"metadata":{"flowSystemMetadata":{"swaggerOperationId":"GetItems"}},"type":"ApiConnection","inputs":{"host":{"connection":{"name":"@json(decodeBase64(triggerOutputs().headers['X-MS-APIM-Tokens']))['$connections']['shared_sharepointonline']['connectionId']"},"api":{"runtimeUrl":"https://unitedstates-002.azure-apim.net/apim/sharepointonline"}},"method":"get","path":"/datasets/@{encodeURIComponent(encodeURIComponent('https://redlevelvalodemo.sharepoint.com/sites/ClearPassTest3'))}/tables/@{encodeURIComponent(encodeURIComponent('d799ac29-2797-4de0-8af5-7ab019467fe0'))}/items","queries":{"$filter":"Title eq '@{variables('Site')}'","$top":1},"authentication":{"type":"Raw","value":"@json(decodeBase64(triggerOutputs().headers['X-MS-APIM-Tokens']))['$ConnectionKey']"}}},"Apply_to_each":{"foreach":"@body('Get_Site_info')?['value']","actions":{"Send_an_email_(V2)_3":{"runAfter":{},"metadata":{"flowSystemMetadata":{"swaggerOperationId":"SendEmailV2"}},"type":"ApiConnection","inputs":{"host":{"connection":{"name":"@json(decodeBase64(triggerOutputs().headers['X-MS-APIM-Tokens']))['$connections']['shared_office365_1']['connectionId']"},"api":{"runtimeUrl":"https://unitedstates-002.azure-apim.net/apim/office365"}},"method":"post","body":{"To":"@items('Apply_to_each')?['Site_x0020_Admin']?['Email']","Subject":"ClearPass: COVID-19 Suspect","Body":"<p>COVID Clear App ALERT: @{variables('EmployeeName')} has submitted a self-declaration form with answers indicating they could be suspected of carrying COVID-19. They were denied permission to enter @{variables('Site')} on @{formatDateTime(utcNow(), 'MM/dd/yyyy')}</p>"},"path":"/v2/Mail","authentication":{"type":"Raw","value":"@json(decodeBase64(triggerOutputs().headers['X-MS-APIM-Tokens']))['$ConnectionKey']"}}}},"runAfter":{"Get_Site_info":["Succeeded"]},"type":"Foreach"}}},"connectionReferences":{"shared_office365_1":{"connectionName":"shared-office365-59989fac-288e-4532-aaf7-c8d4116e2c67","source":"Invoker","id":"/providers/Microsoft.PowerApps/apis/shared_office365","tier":"NotSpecified"},"shared_sharepointonline":{"connectionName":"1cd1355366874abdb39b0fee2875283c","source":"Invoker","id":"/providers/Microsoft.PowerApps/apis/shared_sharepointonline","tier":"NotSpecified"}},"flowFailureAlertSubscribed":false}}