{"name":"a7b698c2-f6a6-4f14-a383-bbfbb865589d","id":"/providers/Microsoft.Flow/flows/a7b698c2-f6a6-4f14-a383-bbfbb865589d","type":"Microsoft.Flow/flows","properties":{"apiId":"/providers/Microsoft.PowerApps/apis/shared_logicflows","displayName":"Site Count","definition":{"metadata":{"workflowEntityId":null,"creator":{"id":"e5e53e53-4d29-4869-94ff-16562ac398ca","type":"User","tenantId":"29465df7-ba13-4003-a2dd-e6b741ea3229"},"provisioningMethod":"FromDefinition","failureAlertSubscription":true,"clientLastModifiedTime":"2020-05-26T17:54:24.7792085Z"},"$schema":"https://schema.management.azure.com/providers/Microsoft.Logic/schemas/2016-06-01/workflowdefinition.json#","contentVersion":"1.0.0.0","parameters":{"$connections":{"defaultValue":{},"type":"Object"},"$authentication":{"defaultValue":{},"type":"SecureObject"}},"triggers":{"manual":{"type":"Request","kind":"PowerApp","inputs":{"schema":{"type":"object","properties":{"Initializevariable_Value":{"type":"string","description":"Enter initial value","x-ms-powerflows-param-ispartial":false}},"required":["Initializevariable_Value"]}}}},"actions":{"Initialize_variable":{"runAfter":{},"type":"InitializeVariable","inputs":{"variables":[{"name":"Site","type":"string","value":"@{triggerBody()['Initializevariable_Value']}"}]}},"Get_items":{"runAfter":{"Initialize_variable_2":["Succeeded"]},"metadata":{"flowSystemMetadata":{"swaggerOperationId":"GetItems"}},"type":"ApiConnection","inputs":{"host":{"connection":{"name":"@json(decodeBase64(triggerOutputs().headers['X-MS-APIM-Tokens']))['$connections']['shared_sharepointonline']['connectionId']"},"api":{"runtimeUrl":"https://unitedstates-002.azure-apim.net/apim/sharepointonline"}},"method":"get","path":"/datasets/@{encodeURIComponent(encodeURIComponent('https://redlevelvalodemo.sharepoint.com/sites/ClearPass_TestAA'))}/tables/@{encodeURIComponent(encodeURIComponent('acd15093-ac82-462c-9d16-b32e72cb2104'))}/items","queries":{"$filter":"Company_x0020_Site eq '@{variables('Site')}' and Date ge '@{concat(formatDateTime(utcNow(),'yyyy-MM-dd'),'T00:00:00')}' and CheckOutTime eq null"},"authentication":{"type":"Raw","value":"@json(decodeBase64(triggerOutputs().headers['X-MS-APIM-Tokens']))['$ConnectionKey']"}}},"Apply_to_each":{"foreach":"@body('Get_items')?['value']","actions":{"Condition":{"actions":{},"runAfter":{},"else":{"actions":{"Increment_variable":{"runAfter":{},"type":"IncrementVariable","inputs":{"name":"count","value":1}}}},"expression":{"or":[{"greater":["@items('Apply_to_each')?['ActualTemp']",100.3]},{"equals":["@items('Apply_to_each')?['ContactWith14days']","Yes"]},{"equals":["@items('Apply_to_each')?['Symptoms']","Yes"]},{"equals":["@items('Apply_to_each')?['Travel14Days']","Yes"]}]},"type":"If"}},"runAfter":{"Get_items":["Succeeded"]},"type":"Foreach"},"Initialize_variable_2":{"runAfter":{"Initialize_variable":["Succeeded"]},"type":"InitializeVariable","inputs":{"variables":[{"name":"count","type":"integer","value":0}]}},"Respond_to_a_PowerApp_or_flow":{"runAfter":{"Apply_to_each":["Succeeded"]},"type":"Response","kind":"PowerApp","inputs":{"statusCode":200,"body":{"checkins":"@{variables('count')}","count":"@{variables('count')}"},"schema":{"type":"object","properties":{"checkins":{"title":"checkins","x-ms-dynamically-added":true,"type":"number"},"count":{"title":"count","x-ms-dynamically-added":true,"type":"string"}}}}}}},"connectionReferences":{"shared_sharepointonline":{"connectionName":"1cd1355366874abdb39b0fee2875283c","source":"Invoker","id":"/providers/Microsoft.PowerApps/apis/shared_sharepointonline","tier":"NotSpecified"}},"flowFailureAlertSubscribed":false}}