{"name":"2721a584-e64f-494a-a269-267e6ece4350","id":"/providers/Microsoft.Flow/flows/2721a584-e64f-494a-a269-267e6ece4350","type":"Microsoft.Flow/flows","properties":{"apiId":"/providers/Microsoft.PowerApps/apis/shared_logicflows","displayName":"Clean HelperList","definition":{"metadata":{"workflowEntityId":null,"creator":{"id":"e5e53e53-4d29-4869-94ff-16562ac398ca","type":"User","tenantId":"29465df7-ba13-4003-a2dd-e6b741ea3229"},"provisioningMethod":"FromDefinition","failureAlertSubscription":true,"clientLastModifiedTime":"2020-07-28T12:12:29.7846088Z"},"$schema":"https://schema.management.azure.com/providers/Microsoft.Logic/schemas/2016-06-01/workflowdefinition.json#","contentVersion":"1.0.0.0","parameters":{"$connections":{"defaultValue":{},"type":"Object"},"$authentication":{"defaultValue":{},"type":"SecureObject"}},"triggers":{"Recurrence":{"recurrence":{"frequency":"Day","interval":1,"startTime":"2020-07-28T07:00:00.000Z"},"type":"Recurrence"}},"actions":{"Get_items":{"runAfter":{},"metadata":{"flowSystemMetadata":{"swaggerOperationId":"GetItems"}},"type":"ApiConnection","inputs":{"host":{"connection":{"name":"@parameters('$connections')['shared_sharepointonline']['connectionId']"},"api":{"runtimeUrl":"https://unitedstates-002.azure-apim.net/apim/sharepointonline"}},"method":"get","path":"/datasets/@{encodeURIComponent(encodeURIComponent('https://redlevelvalodemo.sharepoint.com/sites/ClearPass_TestAA'))}/tables/@{encodeURIComponent(encodeURIComponent('4d48d486-53ca-4553-9030-7935a013a45f'))}/items","queries":{"$filter":"Created le '@{addDays(utcNow(),-2)}'"},"authentication":"@parameters('$authentication')"}},"Apply_to_each":{"foreach":"@body('Get_items')?['value']","actions":{"Delete_item":{"runAfter":{},"metadata":{"flowSystemMetadata":{"swaggerOperationId":"DeleteItem"}},"type":"ApiConnection","inputs":{"host":{"connection":{"name":"@parameters('$connections')['shared_sharepointonline']['connectionId']"},"api":{"runtimeUrl":"https://unitedstates-002.azure-apim.net/apim/sharepointonline"}},"method":"delete","path":"/datasets/@{encodeURIComponent(encodeURIComponent('https://redlevelvalodemo.sharepoint.com/sites/ClearPass_TestAA'))}/tables/@{encodeURIComponent(encodeURIComponent('4d48d486-53ca-4553-9030-7935a013a45f'))}/items/@{encodeURIComponent(items('Apply_to_each')?['ID'])}","authentication":"@parameters('$authentication')"}}},"runAfter":{"Get_items":["Succeeded"]},"type":"Foreach"}}},"connectionReferences":{"shared_sharepointonline":{"connectionName":"6972137ede6a4d8ba7df9bd87ff4471b","source":"Embedded","id":"/providers/Microsoft.PowerApps/apis/shared_sharepointonline","tier":"NotSpecified"}},"flowFailureAlertSubscribed":false}}