{"schemaVersion":"1.0","appDefinitionTemplate":{"id":"/providers/Microsoft.PowerApps/apps/","type":"Microsoft.PowerApps/apps","tags":{"primaryDeviceWidth":"640","primaryDeviceHeight":"1136","sienaVersion":"20200508T140804Z-3.20023.8.0","deviceCapabilities":"","supportsPortrait":"true","supportsLandscape":"false","primaryFormFactor":"Phone","publisherVersion":"3.20023.8","minimumRequiredApiVersion":"2.2.0","hasComponent":"false","hasUnlockedComponent":"false"},"properties":{"appVersion":"2020-05-08T14:08:04Z","lifeCycleId":"Published","createdByClientVersion":{"major":3,"minor":20023,"build":8,"revision":0,"majorRevision":0,"minorRevision":0},"minClientVersion":{"major":3,"minor":20023,"build":8,"revision":0,"majorRevision":0,"minorRevision":0},"backgroundColor":"rgba(0, 176, 240, 1)","backgroundImageUri":"/10089953739384833784/N53f4ba4b-3db8-4e7b-bf0f-ae73aefb8f8c-logoSmallFile","displayName":"ClearPass","description":"","commitMessage":"","appUris":{"documentUri":{"value":"/10089953739384833784/N5e04a964-2608-46a8-9f64-66d99e61d21a-document.msapp","readonlyValue":"/10089953739384833784/N5e04a964-2608-46a8-9f64-66d99e61d21a-document.msapp"},"imageUris":[]},"createdTime":"0001-01-01T00:00:00Z","lastModifiedTime":"0001-01-01T00:00:00Z","sharedGroupsCount":0,"sharedUsersCount":0,"icons":{"smallIconUri":"/10089953739384833784/Nfc5f9c2d-a0d7-410f-b1d6-b6f1154c980d-small.png","mediumIconUri":"/10089953739384833784/N18efcd2d-b4d7-44b6-be79-564438b60b89-medium.png","largeIconUri":"/10089953739384833784/N705fd312-19e6-4e4f-8109-a74f449466c7-large.png","wideIconUri":"/10089953739384833784/Na5919847-a310-414a-a9a0-531fa8288160-wide.png"},"connectionReferences":{"609ae309-435b-4d7c-bc28-54cfa2db12f6":{"id":"c2efaeb3-c51c-4adf-8117-14c40711833e","displayName":"Office 365 Outlook","iconUri":"https://connectoricons-prod.azureedge.net/office365/icon_1.0.1344.1994.png","dataSources":[],"dependencies":[],"dependents":["ab3d8a6a-e048-4245-aab2-b0b4d00a8777"],"parameterHints":{},"isOnPremiseConnection":false,"bypassConsent":false,"dataSets":{},"apiTier":"Standard","isCustomApiConnection":false},"ab3d8a6a-e048-4245-aab2-b0b4d00a8777":{"id":"61677454-d822-4a9d-81ec-bc48676c4233","displayName":"Logic flows","iconUri":"https://resourcestackdeploy.blob.core.windows.net/scripts/13276078.png","dataSources":["SelfDeclarationAlertEmail"],"dependencies":["609ae309-435b-4d7c-bc28-54cfa2db12f6"],"dependents":[],"parameterHints":{"workflowName":{"value":"cddc773f-3049-473e-9862-ec8b625d3a08"},"609ae309-435b-4d7c-bc28-54cfa2db12f6":{"value":"shared_office365_1"}},"isOnPremiseConnection":false,"bypassConsent":false,"dataSets":{},"apiTier":"Standard","isCustomApiConnection":false},"824b8276-7c36-49de-8be3-11ae25bd6283":{"id":"94de6675-e9cd-4d3a-92d6-3559e96fec83","displayName":"SharePoint","iconUri":"https://connectoricons-prod.azureedge.net/sharepointonline/icon_1.0.1329.1953.png","dataSources":["Company Sites","Documents","News","Reported Users","Self Declaration Form","Settings","Site Visit Registration Form"],"dependencies":[],"dependents":[],"parameterHints":{},"isOnPremiseConnection":false,"bypassConsent":false,"dataSets":{"https://redlevelvalodemo.sharepoint.com/sites/ClearPass_TestAA":{"dataSources":{"Company Sites":{"tableName":"bc539e78-a520-4b12-829c-c227446809a2"},"Documents":{"tableName":"050d3825-89db-448e-ae2b-596c82ff8d40"},"News":{"tableName":"a4ad50e7-39b6-4a03-9378-fc4c773e9210"},"Reported Users":{"tableName":"21e13d1d-6d17-468c-8a73-87b5ae89eb70"},"Self Declaration Form":{"tableName":"acd15093-ac82-462c-9d16-b32e72cb2104"},"Settings":{"tableName":"1160e99e-49a3-4b6e-b430-46e2f283bc68"},"Site Visit Registration Form":{"tableName":"862f7279-9fc8-40ad-bb07-b8bd2fa86fb5"}}}},"apiTier":"Standard","isCustomApiConnection":false}},"databaseReferences":{},"almMode":"Environment","performanceOptimizationEnabled":false,"canConsumeAppPass":true},"isAppComponentLibrary":false,"appType":"ClassicCanvasApp","appComponents":[]}}