{"name":"0773b857-9f1a-45db-ad74-5d24add41e12","id":"/providers/Microsoft.Flow/flows/0773b857-9f1a-45db-ad74-5d24add41e12","type":"Microsoft.Flow/flows","properties":{"apiId":"/providers/Microsoft.PowerApps/apis/shared_logicflows","displayName":"Self Declaration Alert Email","definition":{"metadata":{"workflowEntityId":null,"creator":{"id":"4870b528-d7d9-4048-b9fe-147464192092","type":"User","tenantId":"ac56cd7e-d609-407a-9eb4-c77b623198f3"},"provisioningMethod":"FromDefinition","failureAlertSubscription":true,"clientLastModifiedTime":"2020-05-04T16:04:13.6502245Z"},"$schema":"https://schema.management.azure.com/providers/Microsoft.Logic/schemas/2016-06-01/workflowdefinition.json#","contentVersion":"1.0.0.0","parameters":{"$connections":{"defaultValue":{},"type":"Object"},"$authentication":{"defaultValue":{},"type":"SecureObject"}},"triggers":{"manual":{"type":"Request","kind":"PowerApp","inputs":{"schema":{"type":"object","properties":{"Initializevariable_Value":{"type":"string","description":"Enter initial value","x-ms-powerflows-param-ispartial":false},"Initializevariable2_Value":{"type":"string","description":"Enter initial value","x-ms-powerflows-param-ispartial":false}},"required":["Initializevariable_Value","Initializevariable2_Value"]}}}},"actions":{"Initialize_variable":{"runAfter":{},"type":"InitializeVariable","inputs":{"variables":[{"name":"EmployeeName","type":"string","value":"@{triggerBody()['Initializevariable_Value']}"}]}},"Initialize_variable_2":{"runAfter":{"Initialize_variable":["Succeeded"]},"type":"InitializeVariable","inputs":{"variables":[{"name":"Site","type":"string","value":"@{triggerBody()['Initializevariable2_Value']}"}]}},"Send_an_email_(V2)":{"runAfter":{"Initialize_variable_2":["Succeeded"]},"metadata":{"flowSystemMetadata":{"swaggerOperationId":"SendEmailV2"}},"type":"ApiConnection","inputs":{"host":{"connection":{"name":"@json(decodeBase64(triggerOutputs().headers['X-MS-APIM-Tokens']))['$connections']['shared_office365_1']['connectionId']"},"api":{"runtimeUrl":"https://flow-apim-msmanaged-na-centralus-01.azure-apim.net/apim/office365"}},"method":"post","body":{"To":"aaljishi@redlevelgroup.com","Subject":"ClearPass: COVID-19 Suspect","Body":"<p>COVID Clear App ALERT: @{variables('EmployeeName')} has submitted a self-declaration form with answers indicating they could be suspected of carrying COVID-19. NAME was denied permission to enter @{variables('Site')} on @{today()}</p>"},"path":"/v2/Mail","authentication":{"type":"Raw","value":"@json(decodeBase64(triggerOutputs().headers['X-MS-APIM-Tokens']))['$ConnectionKey']"}}},"Respond_to_a_PowerApp_or_flow":{"runAfter":{"Send_an_email_(V2)":["Succeeded"]},"type":"Response","kind":"PowerApp","inputs":{"statusCode":200,"body":{"sent":"True"},"schema":{"type":"object","properties":{"sent":{"title":"Sent","x-ms-dynamically-added":true,"type":"string"}}}}}}},"connectionReferences":{"shared_office365_1":{"connectionName":"shared-office365-ef4bf883-cb26-407f-8183-527f0172e7c0","source":"Invoker","id":"/providers/Microsoft.PowerApps/apis/shared_office365","tier":"NotSpecified"}},"flowFailureAlertSubscribed":false}}