{"schemaVersion":"1.0","appDefinitionTemplate":{"id":"/providers/Microsoft.PowerApps/apps/","type":"Microsoft.PowerApps/apps","tags":{"primaryDeviceWidth":"640","primaryDeviceHeight":"1136","sienaVersion":"20200526T180811Z-3.20051.17.0","deviceCapabilities":"","supportsPortrait":"true","supportsLandscape":"false","primaryFormFactor":"Phone","publisherVersion":"3.20051.17","minimumRequiredApiVersion":"2.2.0","hasComponent":"false","hasUnlockedComponent":"false","isUnifiedRootApp":"false"},"properties":{"appVersion":"2020-05-26T18:08:11Z","lifeCycleId":"Published","createdByClientVersion":{"major":3,"minor":20051,"build":17,"revision":0,"majorRevision":0,"minorRevision":0},"minClientVersion":{"major":3,"minor":20051,"build":17,"revision":0,"majorRevision":0,"minorRevision":0},"backgroundColor":"rgba(0, 176, 240, 1)","backgroundImageUri":"/14049310939786205276/N810591b5-4d3d-4447-98cc-e01b4de47eea-logoSmallFile","displayName":"ClearPass","description":"","commitMessage":"","appUris":{"documentUri":{"value":"/14049310939786205276/N8149a592-a1bf-4b02-b70b-17f1472999ac-document.msapp","readonlyValue":"/14049310939786205276/N8149a592-a1bf-4b02-b70b-17f1472999ac-document.msapp"},"imageUris":[]},"createdTime":"0001-01-01T00:00:00Z","lastModifiedTime":"0001-01-01T00:00:00Z","sharedGroupsCount":0,"sharedUsersCount":0,"icons":{"smallIconUri":"/14049310939786205276/Nc954ae13-5f72-4f28-8cea-8577e289aab8-small.png","mediumIconUri":"/14049310939786205276/N06f4b608-7611-45ec-a9b8-3af46396147f-medium.png","largeIconUri":"/14049310939786205276/N50de33b4-9f4c-4edc-b4a6-ce1abf30bc8f-large.png","wideIconUri":"/14049310939786205276/Nfb1eaeef-20f3-4e42-ae62-d5a0c180bea3-wide.png"},"connectionReferences":{"99a0422a-cc68-4bc5-b8c1-651fc74fa5ac":{"id":"1a48ab0c-704a-4df9-894b-eddc072fcfae","displayName":"Office 365 Users","iconUri":"https://connectoricons-prod.azureedge.net/office365users/icon_1.0.1335.1964.png","dataSources":["Office365Users"],"dependencies":[],"dependents":[],"parameterHints":{},"isOnPremiseConnection":false,"bypassConsent":false,"dataSets":{},"apiTier":"Standard","isCustomApiConnection":false},"05361f03-5920-4b39-b9e8-6d49bed20c4e":{"id":"94de6675-e9cd-4d3a-92d6-3559e96fec83","displayName":"SharePoint","iconUri":"https://connectoricons-prod.azureedge.net/sharepointonline/icon_1.0.1329.1956.png","dataSources":["Company Sites","News","Self Declaration Form","Settings","Site Visit Registration Form"],"dependencies":[],"dependents":["9713bf7a-7cd6-4257-bf9f-2cfbc011d7db"],"parameterHints":{},"isOnPremiseConnection":false,"bypassConsent":false,"dataSets":{"https://redlevelvalodemo.sharepoint.com/sites/ClearPass_TestAA":{"dataSources":{"Company Sites":{"tableName":"bc539e78-a520-4b12-829c-c227446809a2"},"News":{"tableName":"a4ad50e7-39b6-4a03-9378-fc4c773e9210"},"Self Declaration Form":{"tableName":"acd15093-ac82-462c-9d16-b32e72cb2104"},"Settings":{"tableName":"1160e99e-49a3-4b6e-b430-46e2f283bc68"},"Site Visit Registration Form":{"tableName":"862f7279-9fc8-40ad-bb07-b8bd2fa86fb5"}}}},"apiTier":"Standard","isCustomApiConnection":false},"9713bf7a-7cd6-4257-bf9f-2cfbc011d7db":{"id":"61677454-d822-4a9d-81ec-bc48676c4233","displayName":"Logic flows","iconUri":"https://resourcestackdeploy.blob.core.windows.net/scripts/13276078.png","dataSources":["SiteCount"],"dependencies":["05361f03-5920-4b39-b9e8-6d49bed20c4e"],"dependents":[],"parameterHints":{"workflowName":{"value":"7aefd98f-64dc-45ab-b025-43e5cde6fd0a"},"05361f03-5920-4b39-b9e8-6d49bed20c4e":{"value":"shared_sharepointonline"}},"isOnPremiseConnection":false,"bypassConsent":false,"dataSets":{},"apiTier":"Standard","isCustomApiConnection":false}},"databaseReferences":{},"almMode":"Environment","performanceOptimizationEnabled":false,"canConsumeAppPass":true},"isAppComponentLibrary":false,"appType":"ClassicCanvasApp","appComponents":[]}}