{"schemaVersion":"1.0","appDefinitionTemplate":{"id":"/providers/Microsoft.PowerApps/apps/","type":"Microsoft.PowerApps/apps","tags":{"primaryDeviceWidth":"640","primaryDeviceHeight":"1136","sienaVersion":"20200729T130816Z-3.20071.23.0","deviceCapabilities":"","supportsPortrait":"true","supportsLandscape":"false","primaryFormFactor":"Phone","publisherVersion":"3.20071.23","minimumRequiredApiVersion":"2.2.0","hasComponent":"false","hasUnlockedComponent":"false","isUnifiedRootApp":"false"},"properties":{"appVersion":"2020-07-29T13:08:16Z","lifeCycleId":"Published","createdByClientVersion":{"major":3,"minor":20071,"build":23,"revision":0,"majorRevision":0,"minorRevision":0},"minClientVersion":{"major":3,"minor":20071,"build":23,"revision":0,"majorRevision":0,"minorRevision":0},"backgroundColor":"rgba(0, 176, 240, 1)","backgroundImageUri":"/14049310939786205276/Ncdfa9306-af5b-447b-be78-6c9203f55a93-logoSmallFile","displayName":"ClearPass","description":"","commitMessage":"","appUris":{"documentUri":{"value":"/14049310939786205276/Nf0f51eee-cf56-46af-8571-ce291fbdc36c-document.msapp","readonlyValue":"/14049310939786205276/Nf0f51eee-cf56-46af-8571-ce291fbdc36c-document.msapp"},"imageUris":[]},"createdTime":"0001-01-01T00:00:00Z","lastModifiedTime":"0001-01-01T00:00:00Z","sharedGroupsCount":0,"sharedUsersCount":0,"icons":{"smallIconUri":"/14049310939786205276/N05996b1f-a86b-4a2d-a4ef-8a3eb056236e-small.png","mediumIconUri":"/14049310939786205276/N095751ac-37ce-45b8-9212-c0e8644b646f-medium.png","largeIconUri":"/14049310939786205276/Nb9ee444e-e91e-45d9-92bb-ebaa24feba92-large.png","wideIconUri":"/14049310939786205276/Nd28b5d64-dfd7-4b70-ba0b-3a77d220f2b7-wide.png"},"connectionReferences":{"99a0422a-cc68-4bc5-b8c1-651fc74fa5ac":{"id":"1a48ab0c-704a-4df9-894b-eddc072fcfae","displayName":"Microsoft 365 Users","iconUri":"https://connectoricons-prod.azureedge.net/releases/v1.0.1373/1.0.1373.2081/office365users/icon.png","dataSources":["Office365Users"],"dependencies":[],"dependents":[],"parameterHints":{},"isOnPremiseConnection":false,"bypassConsent":false,"dataSets":{},"apiTier":"Standard","isCustomApiConnection":false},"05361f03-5920-4b39-b9e8-6d49bed20c4e":{"id":"94de6675-e9cd-4d3a-92d6-3559e96fec83","displayName":"SharePoint","iconUri":"https://connectoricons-prod.azureedge.net/releases/v1.0.1371/1.0.1371.2074/sharepointonline/icon.png","dataSources":["Company Sites","News","Self Declaration Form","Settings","Site Visit Registration Form","CheckInHelper"],"dependencies":[],"dependents":[],"parameterHints":{},"isOnPremiseConnection":false,"bypassConsent":false,"dataSets":{"https://redlevelvalodemo.sharepoint.com/sites/ClearPass_TestAA":{"dataSources":{"Company Sites":{"tableName":"bc539e78-a520-4b12-829c-c227446809a2"},"News":{"tableName":"a4ad50e7-39b6-4a03-9378-fc4c773e9210"},"Self Declaration Form":{"tableName":"acd15093-ac82-462c-9d16-b32e72cb2104"},"Settings":{"tableName":"1160e99e-49a3-4b6e-b430-46e2f283bc68"},"Site Visit Registration Form":{"tableName":"862f7279-9fc8-40ad-bb07-b8bd2fa86fb5"},"CheckInHelper":{"tableName":"4d48d486-53ca-4553-9030-7935a013a45f"}}}},"apiTier":"Standard","isCustomApiConnection":false}},"databaseReferences":{},"almMode":"Environment","performanceOptimizationEnabled":false,"canConsumeAppPass":true},"isAppComponentLibrary":false,"appType":"ClassicCanvasApp","appComponents":[]}}