{"name":"36bdfe40-f048-4da4-923b-06ba6da79783","id":"/providers/Microsoft.Flow/flows/36bdfe40-f048-4da4-923b-06ba6da79783","type":"Microsoft.Flow/flows","properties":{"apiId":"/providers/Microsoft.PowerApps/apis/shared_logicflows","displayName":"ClearPass Alerts","definition":{"metadata":{"workflowEntityId":null,"creator":{"id":"e5e53e53-4d29-4869-94ff-16562ac398ca","type":"User","tenantId":"29465df7-ba13-4003-a2dd-e6b741ea3229"},"provisioningMethod":"FromDefinition","failureAlertSubscription":true,"clientLastModifiedTime":"2020-05-26T18:05:25.2051882Z"},"$schema":"https://schema.management.azure.com/providers/Microsoft.Logic/schemas/2016-06-01/workflowdefinition.json#","contentVersion":"1.0.0.0","parameters":{"$connections":{"defaultValue":{},"type":"Object"},"$authentication":{"defaultValue":{},"type":"SecureObject"}},"triggers":{"When_an_item_is_created":{"recurrence":{"frequency":"Minute","interval":5},"splitOn":"@triggerBody()?['value']","metadata":{"flowSystemMetadata":{"swaggerOperationId":"GetOnNewItems"}},"type":"ApiConnection","inputs":{"host":{"connection":{"name":"@parameters('$connections')['shared_sharepointonline']['connectionId']"},"api":{"runtimeUrl":"https://unitedstates-002.azure-apim.net/apim/sharepointonline"}},"method":"get","path":"/datasets/@{encodeURIComponent(encodeURIComponent('https://redlevelvalodemo.sharepoint.com/sites/ClearPass_TestAA'))}/tables/@{encodeURIComponent(encodeURIComponent('acd15093-ac82-462c-9d16-b32e72cb2104'))}/onnewitems","authentication":"@parameters('$authentication')"}}},"actions":{"Condition":{"actions":{"Send_an_email_(V2)":{"runAfter":{},"metadata":{"flowSystemMetadata":{"swaggerOperationId":"SendEmailV2"}},"type":"ApiConnection","inputs":{"host":{"connection":{"name":"@parameters('$connections')['shared_office365']['connectionId']"},"api":{"runtimeUrl":"https://unitedstates-002.azure-apim.net/apim/office365"}},"method":"post","body":{"To":"adksajak@jdksadadjalsdahdlak.com","Subject":"Employee Self-Declaration Alert","Body":"<p>COVID Clear App ALERT: @{triggerBody()?['Title']} has submitted a self-declaration form with answers indicating they could be suspected of carrying COVID-19. They were denied permission to enter @{triggerBody()?['Company_x0020_Site']} on @{formatDateTime(utcNow(),'MM/dd/yyyy')}</p>"},"path":"/v2/Mail","authentication":"@parameters('$authentication')"}}},"runAfter":{},"expression":{"or":[{"greater":["@triggerBody()?['ActualTemp']",100.3]},{"equals":["@triggerBody()?['Symptoms']","Yes"]},{"equals":["@triggerBody()?['ContactWith14days']","Yes"]},{"equals":["@triggerBody()?['Travel14Days']","Yes"]}]},"type":"If"}}},"connectionReferences":{"shared_office365":{"connectionName":"shared-office365-59989fac-288e-4532-aaf7-c8d4116e2c67","source":"Embedded","id":"/providers/Microsoft.PowerApps/apis/shared_office365","tier":"NotSpecified"},"shared_sharepointonline":{"connectionName":"1cd1355366874abdb39b0fee2875283c","source":"Embedded","id":"/providers/Microsoft.PowerApps/apis/shared_sharepointonline","tier":"NotSpecified"}},"flowFailureAlertSubscribed":false}}