{"name":"f7f5e752-2bb8-403c-beb5-343808010ff2","id":"/providers/Microsoft.Flow/flows/f7f5e752-2bb8-403c-beb5-343808010ff2","type":"Microsoft.Flow/flows","properties":{"apiId":"/providers/Microsoft.PowerApps/apis/shared_logicflows","displayName":"Clear Pass Pre Registration Email","definition":{"metadata":{"workflowEntityId":null,"creator":{"id":"4870b528-d7d9-4048-b9fe-147464192092","type":"User","tenantId":"ac56cd7e-d609-407a-9eb4-c77b623198f3"},"provisioningMethod":"FromDefinition","failureAlertSubscription":true,"clientLastModifiedTime":"2020-05-02T15:21:53.3628035Z"},"$schema":"https://schema.management.azure.com/providers/Microsoft.Logic/schemas/2016-06-01/workflowdefinition.json#","contentVersion":"1.0.0.0","parameters":{"$connections":{"defaultValue":{},"type":"Object"},"$authentication":{"defaultValue":{},"type":"SecureObject"}},"triggers":{"When_an_item_is_created_or_modified":{"recurrence":{"frequency":"Minute","interval":3},"splitOn":"@triggerBody()?['value']","metadata":{"flowSystemMetadata":{"swaggerOperationId":"GetOnUpdatedItems"}},"type":"ApiConnection","inputs":{"host":{"connection":{"name":"@parameters('$connections')['shared_sharepointonline']['connectionId']"},"api":{"runtimeUrl":"https://flow-apim-msmanaged-na-westus2-01.azure-apim.net/apim/sharepointonline"}},"method":"get","path":"/datasets/@{encodeURIComponent(encodeURIComponent('https://rln.sharepoint.com/sites/SelfDeclarationApp'))}/tables/@{encodeURIComponent(encodeURIComponent('f30d3c33-548b-4194-8873-f3dedcc15eb1'))}/onupdateditems","authentication":"@parameters('$authentication')"}}},"actions":{"Get_Site_info":{"runAfter":{},"metadata":{"flowSystemMetadata":{"swaggerOperationId":"GetItems"}},"type":"ApiConnection","inputs":{"host":{"connection":{"name":"@parameters('$connections')['shared_sharepointonline']['connectionId']"},"api":{"runtimeUrl":"https://flow-apim-msmanaged-na-westus2-01.azure-apim.net/apim/sharepointonline"}},"method":"get","path":"/datasets/@{encodeURIComponent(encodeURIComponent('https://rln.sharepoint.com/sites/SelfDeclarationApp'))}/tables/@{encodeURIComponent(encodeURIComponent('2dc419c0-d1e3-456b-95ff-c921c219e77a'))}/items","queries":{"$filter":"Title eq '@{triggerBody()?['Site']}'","$top":1},"authentication":"@parameters('$authentication')"}},"Condition_2":{"actions":{"Apply_to_each":{"foreach":"@body('Get_Site_info')?['value']","actions":{"Send_an_email_(V2)_2":{"runAfter":{},"metadata":{"flowSystemMetadata":{"swaggerOperationId":"SendEmailV2"}},"type":"ApiConnection","inputs":{"host":{"connection":{"name":"@parameters('$connections')['shared_office365']['connectionId']"},"api":{"runtimeUrl":"https://flow-apim-msmanaged-na-centralus-01.azure-apim.net/apim/office365"}},"method":"post","body":{"To":"@items('Apply_to_each')?['Site_x0020_Admin']?['Email']","Subject":": Reserve a Site Visit to : ","Body":"<p>This is to inform you that: @{triggerBody()?['Title']},<br>\nHas reserved a spot to visit your site:</p>"},"path":"/v2/Mail","authentication":"@parameters('$authentication')"}}},"runAfter":{},"type":"Foreach"}},"runAfter":{"Get_Site_info":["Succeeded"]},"expression":{"equals":["@triggerBody()?['Status']","@'Approved'"]},"type":"If"}},"outputs":{}},"connectionReferences":{"shared_sharepointonline":{"connectionName":"cf90a33751d9447aa0d0d84af61103b3","source":"Embedded","id":"/providers/Microsoft.PowerApps/apis/shared_sharepointonline","tier":"NotSpecified"},"shared_office365":{"connectionName":"shared-office365-ef4bf883-cb26-407f-8183-527f0172e7c0","source":"Embedded","id":"/providers/Microsoft.PowerApps/apis/shared_office365","tier":"NotSpecified"}},"flowFailureAlertSubscribed":false}}