{"schemaVersion":"1.0","appDefinitionTemplate":{"id":"/providers/Microsoft.PowerApps/apps/","type":"Microsoft.PowerApps/apps","tags":{"primaryDeviceWidth":"640","primaryDeviceHeight":"1136","sienaVersion":"20200504T162708Z-3.20023.8.0","deviceCapabilities":"","supportsPortrait":"true","supportsLandscape":"false","primaryFormFactor":"Phone","publisherVersion":"3.20023.8","minimumRequiredApiVersion":"2.2.0","hasComponent":"false","hasUnlockedComponent":"false"},"properties":{"appVersion":"2020-05-04T16:27:08Z","lifeCycleId":"Published","createdByClientVersion":{"major":3,"minor":20023,"build":8,"revision":0,"majorRevision":0,"minorRevision":0},"minClientVersion":{"major":3,"minor":20023,"build":8,"revision":0,"majorRevision":0,"minorRevision":0},"backgroundColor":"rgba(0, 176, 240, 1)","backgroundImageUri":"/4599740697155781426/Nc024eecd-54c3-434c-9488-f262a0cd720a-logoSmallFile","displayName":"Health Self Declaration","description":"","commitMessage":"","appUris":{"documentUri":{"value":"/4599740697155781426/N6760c005-28a7-4394-a6fa-62215be9b604-document.msapp","readonlyValue":"/4599740697155781426/N6760c005-28a7-4394-a6fa-62215be9b604-document.msapp"},"imageUris":[]},"createdTime":"0001-01-01T00:00:00Z","lastModifiedTime":"0001-01-01T00:00:00Z","sharedGroupsCount":0,"sharedUsersCount":0,"icons":{"smallIconUri":"/4599740697155781426/Naac66e90-de5b-4476-955e-a4229bbe7e48-small.png","mediumIconUri":"/4599740697155781426/N63d199d1-52b7-45fc-b1ba-5b1a939d4246-medium.png","largeIconUri":"/4599740697155781426/N573b5239-3ed5-4e95-902d-60dae0530768-large.png","wideIconUri":"/4599740697155781426/N6071b06e-a884-4ea4-b637-1cc682896583-wide.png"},"connectionReferences":{"da48edda-ab8c-4ff5-b6ec-598b7fea35ad":{"id":"d17d270b-c172-4192-9375-94dcf7fa3cdf","displayName":"SharePoint","iconUri":"https://connectoricons-prod.azureedge.net/sharepointonline/icon_1.0.1329.1953.png","dataSources":["Self Declaration Form","Documents","Company Sites","Settings","News","Site Visit Registration Form"],"dependencies":[],"dependents":[],"parameterHints":{},"isOnPremiseConnection":false,"bypassConsent":false,"dataSets":{"https://rln.sharepoint.com/sites/SelfDeclarationApp":{"dataSources":{"Self Declaration Form":{"tableName":"252ca07d-f258-41dd-95fb-f060909fe0f4"},"Documents":{"tableName":"c5522814-a306-47fc-9b11-1b9c7869f032"},"Company Sites":{"tableName":"2dc419c0-d1e3-456b-95ff-c921c219e77a"},"Settings":{"tableName":"9216836f-d28d-4bb4-9a81-d43245863600"},"News":{"tableName":"d971c6e1-130d-4604-a034-c406e2db2bc5"},"Site Visit Registration Form":{"tableName":"f30d3c33-548b-4194-8873-f3dedcc15eb1"}}}},"apiTier":"Standard","isCustomApiConnection":false},"609ae309-435b-4d7c-bc28-54cfa2db12f6":{"id":"eabd677c-6138-4492-98d8-af52626530d5","displayName":"Office 365 Outlook","iconUri":"https://connectoricons-prod.azureedge.net/office365/icon_1.0.1329.1954.png","dataSources":[],"dependencies":[],"dependents":["ab3d8a6a-e048-4245-aab2-b0b4d00a8777"],"parameterHints":{},"isOnPremiseConnection":false,"bypassConsent":false,"dataSets":{},"apiTier":"Standard","isCustomApiConnection":false},"ab3d8a6a-e048-4245-aab2-b0b4d00a8777":{"id":"dfbd4fc6-5a79-4d30-8cd4-5e7e854f643a","displayName":"Logic flows","iconUri":"https://resourcestackdeploy.blob.core.windows.net/scripts/13276078.png","dataSources":["SelfDeclarationAlertEmail"],"dependencies":["609ae309-435b-4d7c-bc28-54cfa2db12f6"],"dependents":[],"parameterHints":{"workflowName":{"value":"44007ec0-910f-46f7-a4a1-0b689b2787ac"},"609ae309-435b-4d7c-bc28-54cfa2db12f6":{"value":"shared_office365_1"}},"isOnPremiseConnection":false,"bypassConsent":false,"dataSets":{},"apiTier":"Standard","isCustomApiConnection":false}},"databaseReferences":{},"almMode":"Environment","performanceOptimizationEnabled":false,"canConsumeAppPass":true},"isAppComponentLibrary":false,"appType":"ClassicCanvasApp","appComponents":[]}}